,name
245,Tracy Johnson
249,Amanda Johnson
251,Thomas Johnson
283,Alec Johnson
290,Michael Johnson
368,Roger Johnson
369,Jamie Johnson
393,Jessica Johnson
518,Kristen Johnson
546,Catherine Johnson
580,William Johnson
637,Gary Johnson
645,Steven Johnson
709,Jordan Johnson
722,Travis Johnson
827,Denise Johnson
993,Lisa Johnson
1054,Dr. Adam Johnson
1059,Tommy Johnson
1118,Michael Johnson
1150,Jonathan Johnson
1282,William Johnson
1473,Barbara Johnson
1594,Angelica Johnson
1634,Mr. Jason Johnson Jr.
1705,Amanda Johnson
1786,April Johnson
1840,Michelle Johnson
1903,Larry Johnson
1944,Brittany Johnson
1985,Calvin Johnson
2141,Renee Johnson
2226,Jacqueline Johnson
2264,Joshua Johnson
2292,Jesse Johnson
2314,Mark Johnson
2415,Mary Johnson
2452,Tina Johnson
2563,Jeffrey Johnson
2614,Stephen Johnson
2662,Kaitlyn Johnson
2665,Richard Johnson
2751,Justin Johnson
2877,Michelle Johnson
2898,Michael Johnson
2934,Stephen Johnson
3062,Sara Johnson
3113,Jennifer Johnson
3231,Amy Johnson
3276,Joseph Johnson
3280,Colin Johnson
3471,James Johnson
3480,Whitney Johnson
3544,Darlene Johnson
3572,Nicholas Johnson
3580,Brian Johnson
3668,Latasha Johnson
3711,Mikayla Johnson
3716,Rebecca Johnson
3768,Michael Johnson
3807,Gina Johnson
3824,Emily Johnson
3880,Margaret Johnson
3882,Rachel Johnson
3893,Henry Johnson
3916,Elijah Johnson
4127,Erica Johnson
4297,Sarah Johnson
4299,Gloria Johnson
4300,Justin Johnson
4324,Ryan Johnson
4331,Katherine Johnson
4423,Mr. Arthur Johnson
4470,Madeline Johnson
4626,Kathryn Johnson
4631,Melissa Johnson
4715,Taylor Johnson
4738,Teresa Johnson
4765,Jillian Johnson
4773,Christine Johnson
4949,Sheila Johnson
5015,Troy Johnson
5027,Megan Johnson
5060,Kevin Johnson
5080,Gregory Johnson
5098,Aaron Johnson
5148,Tonya Johnson
5220,Mrs. Sarah Johnson
5234,Chelsea Johnson
5261,Alan Johnson
5361,Austin Johnson
5424,Diana Johnson
5629,Anthony Johnson
5659,Zachary Johnson
5812,Brian Johnson
5910,Terri Johnson
5933,Allison Johnson
6098,Anthony Johnson
6173,Sharon Johnson
6210,Ashley Johnson
6295,Breanna Johnson
6319,Natalie Johnson
6481,Robert Johnson
6497,Heather Johnson
6502,Stephanie Johnson
6534,Larry Johnson
6711,Robert Johnson
6773,Kimberly Johnson
6803,Scott Johnson
6998,Cheryl Johnson
7008,Leslie Johnson
7036,Connie Johnson
7080,Megan Johnson
7126,Joshua Johnson Jr.
7145,Mary Johnson
7188,Steven Johnson
7209,Tina Johnson
7354,Abigail Johnson
7382,Kevin Johnson
7394,Walter Johnson
7571,Brandy Johnson
7606,William Johnson
7608,Eric Johnson
7616,Mary Johnson
7627,Phillip Johnson DDS
7670,Robert Johnson
7711,Kelly Johnson MD
7760,Richard Johnson
7840,Sherri Johnson
7854,Teresa Johnson
7866,Katelyn Johnson
7931,Brett Johnson
8023,Christopher Johnson
8197,Rhonda Johnson
8220,Russell Johnson
8264,Mark Johnson
8315,Vernon Johnson
8400,Jennifer Johnson
8490,Tina Johnson
8548,Matthew Johnson
8619,Frederick Johnson
8667,Andrew Johnson
8879,Allison Johnson
8885,Kenneth Johnson
8911,Ricardo Johnson
8941,Kaylee Johnson
8968,Michael Johnson
9170,Amanda Johnson
9181,Eric Johnson
9189,Bethany Johnson
9287,Daniel Johnson
9542,Christopher Johnson
9570,Suzanne Johnson
9667,Joel Johnson
9809,Cindy Johnson
9888,Nicole Johnson
9960,Ronald Johnson
10028,Derrick Johnson
10089,Rachel Johnson
10101,Robert Johnson
10179,Ronald Johnson
10191,Jim Johnson
10283,Nicole Johnson
10284,Nicole Johnson
10367,Michael Johnson
10575,Alexander Johnson
10684,Angel Johnson
10765,Joseph Johnson
10809,Christopher Johnson
10810,Jonathan Johnson
11069,Patrick Johnson
11079,Clayton Johnson
11146,Eric Johnson
11168,Jeffrey Johnson
11203,Michael Johnson
11216,Anthony Johnson
11258,Timothy Johnson
11300,Cory Johnson
11371,Natalie Johnson
11420,Jeffrey Johnson
11494,Michael Johnson
11520,Curtis Johnson
11582,Debra Johnson
11714,Robert Johnson
11723,Brenda Johnson
11836,Steven Johnson
11874,Derrick Johnson
11898,Sarah Johnson
12050,Christopher Johnson
12308,Megan Johnson
12349,Cindy Johnson
12479,James Johnson
12510,Sabrina Johnson
12543,William Johnson
12566,Christina Johnson
12744,Nicole Johnson
12806,Brooke Johnson
12948,Felicia Johnson
13087,Karen Johnson
13126,Sally Johnson
13162,Thomas Johnson
13196,Jean Johnson
13282,Lauren Johnson
13334,Erika Johnson
13354,Adam Johnson
13395,Kevin Johnson
13399,Nicholas Johnson
13516,Eddie Johnson
13539,Elizabeth Johnson
13543,Joanne Johnson
13645,Brandi Johnson
13670,Michelle Johnson
13788,David Johnson
13838,Richard Johnson
13970,Tracey Johnson DDS
13987,Brandon Johnson II
14022,Jessica Johnson
14076,Robin Johnson
14119,Gregg Johnson
14156,Jacob Johnson
14258,Jessica Johnson
14302,Steven Johnson
14350,Michelle Johnson
14456,Suzanne Johnson
14540,Sonya Johnson
14559,Elizabeth Johnson
14578,Julia Johnson
14598,David Johnson
14629,Paul Johnson
14643,Jennifer Johnson
14682,Jeffrey Johnson
14688,Rachel Johnson
14797,Lisa Johnson
14861,Erin Johnson
15023,Carrie Johnson
15047,John Johnson
15134,Peter Johnson
15155,Brian Johnson
15170,Jade Johnson
15249,Taylor Johnson
15313,Isaac Johnson
15398,Heather Johnson
15444,Jacqueline Johnson
15519,Janice Johnson
15564,Adam Johnson
15657,Donna Johnson
15683,David Johnson
15878,Kurt Johnson
15893,Randall Johnson
15946,Lisa Johnson
15977,Peter Johnson
16013,Tamara Johnson
16168,Edwin Johnson
16186,Alexandra Johnson
16319,Dr. Mary Johnson MD
16340,Mary Johnson
16371,Wendy Johnson
16423,Jessica Johnson
16456,Jessica Johnson
16497,Lawrence Johnson
16730,Douglas Johnson
16806,Aaron Johnson
16941,Kenneth Johnson
16996,Kristina Johnson
17009,Amy Johnson
17044,Bradley Johnson
17058,Gregory Johnson
17070,Dawn Johnson
17098,Elizabeth Johnson
17143,Joseph Johnson
17186,Annette Johnson
17269,Brandon Johnson
17394,Sergio Johnson
17437,Tanya Johnson
17476,Christina Johnson
17562,Jacob Johnson
17659,David Johnson
17673,Kelly Johnson
17758,Christina Johnson
17814,Mike Johnson
17823,Kathryn Johnson
17863,Brian Johnson
17910,Brandon Johnson
17922,Craig Johnson
17925,Courtney Johnson
17972,Jacob Johnson
18008,Tara Johnson
18021,Bobby Johnson
18061,Elizabeth Johnson
18259,Marcus Johnson
18300,Lindsey Johnson
18316,William Johnson
18395,Robert Johnson
18460,Joseph Johnson
18504,Timothy Johnson
18562,Daniel Johnson
18728,Paul Johnson
18739,Marissa Johnson
18783,Christopher Johnson
18832,Donna Johnson
18880,Lauren Johnson
18892,Hayley Johnson
18916,John Johnson
18923,John Johnson
19133,Kenneth Johnson
19155,Julie Johnson
19169,Christine Johnson
19221,Kayla Johnson
19246,Dustin Johnson
19310,Robert Johnson
19349,Jeffrey Johnson
19429,Philip Johnson
19712,Sara Johnson
19717,Danielle Johnson
19733,Tiffany Johnson
19746,Emily Johnson
19782,Jennifer Johnson
19812,Ashley Johnson
19827,John Johnson
19889,Ryan Johnson
19892,Joyce Johnson
20012,Michael Johnson
20105,Lindsay Johnson
20115,Henry Johnson
20210,Alvin Johnson
20264,Marcus Johnson
20284,John Johnson
20297,Elizabeth Johnson
20321,Jeff Johnson
20329,Joshua Johnson
20361,Amber Johnson
20410,Michael Johnson
20423,Timothy Johnson
20649,Jonathan Johnson
20721,Brenda Johnson
20837,Kaylee Johnson
20878,Colin Johnson
20934,Natalie Johnson
20987,Earl Johnson
21039,Melissa Johnson
21076,Brittany Johnson
21092,Jeffrey Johnson
21229,Tammy Johnson
21240,Natasha Johnson
21359,Jessica Johnson
21365,Jennifer Johnson
21490,Diana Johnson
21585,Keith Johnson
21611,Joseph Johnson
21612,Scott Johnson
21615,Mark Johnson
21666,Nicole Johnson
21698,Megan Johnson
21708,Barbara Johnson
21922,Jeremiah Johnson
22004,Tony Johnson
22155,Jennifer Johnson
22168,Emily Johnson
22293,Ryan Johnson
22310,Tammy Johnson
22335,Deborah Johnson
22395,Brandon Johnson
22423,Jennifer Johnson
22465,Troy Johnson
22488,Daniel Johnson
22581,Tina Johnson
22777,Annette Johnson DVM
22797,Robert Johnson
22840,Evan Johnson
22847,Benjamin Johnson
22930,Mary Johnson
22971,Paula Johnson
23011,Crystal Johnson
23106,Derek Johnson
23151,Vincent Johnson
23154,Kelly Johnson
23176,Mark Johnson
23211,Alan Johnson
23216,Eric Johnson
23234,Mark Johnson
23250,Laura Johnson
23334,Jennifer Johnson
23412,Monique Johnson
23414,Terri Johnson
23440,Nancy Johnson
23517,Justin Johnson
23569,Jennifer Johnson
23574,Shannon Johnson
23655,Catherine Johnson
23658,Kevin Johnson
23673,Marissa Johnson
23682,Benjamin Johnson
23768,Lisa Johnson
23770,Tara Johnson
23788,Matthew Johnson
23790,Larry Johnson
23802,Daniel Johnson
23833,Jamie Johnson
23859,Joseph Johnson
23886,David Johnson
23908,Yesenia Johnson
23931,Bradley Johnson
23958,Jacqueline Johnson
23961,Anne Johnson
23984,Joseph Johnson
23988,Travis Johnson
24013,Kirsten Johnson
24144,Sandra Johnson
24183,Leah Johnson
24208,Karen Johnson
24236,Lauren Johnson
24249,Danielle Johnson
24482,Nicole Johnson
24580,Maurice Johnson
24609,Monica Johnson MD
24647,Brittany Johnson
24726,Jamie Johnson
24848,Justin Johnson
24946,Jessica Johnson
24965,Keith Johnson
24969,Corey Johnson
24973,Veronica Johnson MD
25002,Barbara Johnson
25106,Mark Johnson
25115,Keith Johnson
25318,James Johnson
25394,Raymond Johnson
25407,Kathleen Johnson
25434,Brittany Johnson
25485,Stephanie Johnson
25500,Taylor Johnson
25557,Eric Johnson MD
25648,Jessica Johnson
25720,Douglas Johnson
25793,Stephanie Johnson
25805,Jeffery Johnson
25835,Teresa Johnson
26035,Mark Johnson
26071,Matthew Johnson
26079,Todd Johnson
26125,Heather Johnson
26170,Barry Johnson
26233,Wesley Johnson
26234,Claudia Johnson
26329,Michael Johnson
26343,Kyle Johnson
26359,Melissa Johnson
26405,Angela Johnson
26491,Logan Johnson
26540,Jason Johnson
26570,Justin Johnson
26627,Michelle Johnson
26631,Jocelyn Johnson
26653,Kyle Johnson
26695,Jake Johnson
26835,Rebecca Johnson
26881,Amber Johnson
27078,Selena Johnson
27104,Whitney Johnson
27145,Tyler Johnson
27168,Kathryn Johnson
27175,Dylan Johnson
27256,Jeffrey Johnson
27370,Gary Johnson
27509,Kevin Johnson
27548,Nathaniel Johnson
27554,Stacy Johnson
27583,Calvin Johnson
27589,Brandon Johnson
27593,William Johnson
27650,Joshua Johnson
27708,Daniel Johnson
27726,Shawn Johnson
27760,Brianna Johnson
27855,Julie Johnson
27967,Jessica Johnson
28038,David Johnson
28101,Denise Johnson
28113,Andrew Johnson
28136,John Johnson
28276,Alexa Johnson
28285,Robert Johnson
28292,Nathan Johnson
28468,Chris Johnson
28488,Tiffany Johnson
28493,Deborah Johnson
28620,Justin Johnson
28653,Emily Johnson
28661,John Johnson
28804,Michael Johnson
28853,Dean Johnson
28862,Anthony Johnson
28989,Michael Johnson
28991,Paul Johnson
29072,Megan Johnson
29095,Victoria Johnson
29128,Edward Johnson
29139,Melissa Johnson
29251,Cindy Johnson
29317,Karen Johnson
29331,Joyce Johnson
29358,Kathleen Johnson
29471,Dr. Noah Johnson
29481,Tim Johnson
29499,Victor Johnson
29616,Chad Johnson III
29626,Kevin Johnson
29771,Nicholas Johnson
29840,Gail Johnson
29869,Anthony Johnson
29937,Ashley Johnson
29980,Leslie Johnson
30073,Jason Johnson
30165,William Johnson
30180,Michael Johnson
30370,Pamela Johnson
30372,Derrick Johnson
30421,Anna Johnson
30451,Sean Johnson
30587,Mrs. Heather Johnson
30661,Michelle Johnson
30740,Andrew Johnson
30769,Jade Johnson
30822,Glen Johnson
30844,Heather Johnson
30872,Joshua Johnson
30986,Diana Johnson
31005,Ricky Johnson
31010,Stacy Johnson
31147,Benjamin Johnson
31199,Mrs. Amber Johnson
31211,James Johnson
31219,Lisa Johnson
31224,Stephen Johnson
31240,Leah Johnson
31370,Laurie Johnson
31480,Christopher Johnson
31491,Diane Johnson
31549,Jack Johnson
31553,Leonard Johnson
31578,Lisa Johnson
31588,Julia Johnson
31640,Brandon Johnson
31700,Sarah Johnson
31873,Kimberly Johnson
31889,Martin Johnson
31944,James Johnson
32112,Jeanne Johnson
32115,Catherine Johnson
32165,David Johnson
32220,Martha Johnson
32226,Terry Johnson
32238,Mallory Johnson
32290,Tammy Johnson
32296,Tom Johnson
32342,Carol Johnson
32433,Marie Johnson
32479,Adam Johnson
32575,Robert Johnson
32619,Daniel Johnson
32834,Joseph Johnson
32937,Jennifer Johnson
32967,Catherine Johnson
33035,Tiffany Johnson
33041,Cody Johnson
33129,Carrie Johnson
33187,Rachel Johnson
33192,Diana Johnson
33220,Kathryn Johnson
33270,Lisa Johnson
33302,Daniel Johnson
33319,Laura Johnson
33416,Sarah Johnson
33431,Melissa Johnson
33432,Devin Johnson
33504,Albert Johnson
33505,Emily Johnson
33533,Tara Johnson
33548,Kim Johnson
33634,Jennifer Johnson
33714,Natalie Johnson
33769,Lawrence Johnson
33773,Alexandra Johnson
33825,Amanda Johnson
33939,Randy Johnson
33974,Sara Johnson
33989,Kevin Johnson
34038,Mrs. Erica Johnson
34064,Nicole Johnson
34070,Jamie Johnson
34098,Lisa Johnson
34214,Brian Johnson
34327,Samuel Johnson
34455,Kathryn Johnson
34466,Dennis Johnson
34471,Alexis Johnson
34641,Ashley Johnson
34690,David Johnson
34718,Lacey Johnson
34724,Lori Johnson
34728,Jonathan Johnson
34734,Julie Johnson MD
34748,Carly Johnson
34770,William Johnson
34772,Jeffrey Johnson
34842,Carly Johnson
34865,Leslie Johnson
34880,Katrina Johnson
34986,Jeremy Johnson
34996,Holly Johnson
35032,Jared Johnson
35033,James Johnson
35091,Monica Johnson
35102,Meghan Johnson
35115,Samuel Johnson
35154,Amanda Johnson
35190,Jennifer Johnson
35203,Kimberly Johnson
35301,Shannon Johnson
35371,Makayla Johnson
35404,Kristen Johnson
35454,Kevin Johnson
35457,Peter Johnson
35566,Savannah Johnson
35596,Brandon Johnson
35649,Mitchell Johnson
35725,Thomas Johnson
35752,Judith Johnson
35824,Antonio Johnson
35867,Mr. Timothy Johnson
35902,Travis Johnson
35907,Kathleen Johnson
36119,William Johnson
36159,Nancy Johnson
36180,Brandon Johnson
36332,Jacob Johnson
36354,Lauren Johnson
36395,Sean Johnson
36523,Virginia Johnson
36525,Suzanne Johnson
36544,Steven Johnson
36613,Amanda Johnson
36669,Bryan Johnson
36685,Aaron Johnson
36721,Amy Johnson
36806,Stephanie Johnson
36967,Sean Johnson
37004,James Johnson
37061,Allen Johnson
37118,Amanda Johnson
37297,Paul Johnson
37353,Jacqueline Johnson
37392,Ashley Johnson
37399,Abigail Johnson
37541,Deanna Johnson
37566,Kelly Johnson
37574,Ronald Johnson
37604,William Johnson
37667,Brian Johnson
37696,Erika Johnson
37717,Mitchell Johnson
37720,Jennifer Johnson
37840,Allison Johnson
37870,Robert Johnson
37948,Seth Johnson
37977,Ashley Johnson
38000,Matthew Johnson
38013,Peggy Johnson
38068,Glenda Johnson
38128,Sheryl Johnson
38134,Steven Johnson
38346,Kristen Johnson
38360,Nicholas Johnson
38516,Mary Johnson
38572,Elizabeth Johnson DDS
38615,Kimberly Johnson
38629,Joseph Johnson
38698,Anna Johnson
38915,Benjamin Johnson
38940,Kelsey Johnson
38952,Tyler Johnson
39180,Dean Johnson
39239,Thomas Johnson
39321,Tanya Johnson
39387,David Johnson
39469,Jeffrey Johnson
39472,Daniel Johnson
39613,Julie Johnson
39766,Shelby Johnson
39792,Kyle Johnson
39855,Mr. Joseph Johnson
39858,Michael Johnson
39899,John Johnson
39925,Joseph Johnson
39930,Melissa Johnson
39932,Nichole Johnson
40023,James Johnson
40143,Paul Johnson
40159,Tommy Johnson
40215,Amy Johnson
40250,Christopher Johnson
40265,Susan Johnson
40274,Donald Johnson
40401,Erin Johnson
40489,Tracy Johnson
40576,Tony Johnson
40614,Sherri Johnson
40620,Willie Johnson
40637,Patrick Johnson
40640,Andrew Johnson
40743,Elizabeth Johnson
40763,Frank Johnson
40799,Martin Johnson
40808,Cynthia Johnson
40920,Kaylee Johnson
40953,Amber Johnson
41004,John Johnson
41041,Jordan Johnson
41124,Christopher Johnson
41248,Melissa Johnson
41371,Matthew Johnson
41389,Linda Johnson
41446,Susan Johnson
41452,Mitchell Johnson
41458,Latoya Johnson
41463,Jim Johnson
41495,David Johnson
41538,Brian Johnson
41547,Jeffrey Johnson
41560,Patrick Johnson
41609,Melissa Johnson
41613,Christina Johnson
41634,Wayne Johnson
41675,Todd Johnson
41678,Derrick Johnson
41706,Briana Johnson
41751,Mark Johnson
41841,Duane Johnson
41925,Brandon Johnson
41934,Holly Johnson
41982,Robert Johnson
41990,Joseph Johnson
42092,Lisa Johnson
42148,Jeffrey Johnson
42224,Susan Johnson
42335,Martha Johnson
42434,Trevor Johnson
42476,Jason Johnson
42503,Brianna Johnson
42505,Anna Johnson
42533,Terri Johnson
42604,Cathy Johnson
42627,Jessica Johnson
42641,David Johnson
42652,Joshua Johnson
42699,Mary Johnson
42708,Angela Johnson
42751,Kelly Johnson
42779,Angelica Johnson
42831,Jessica Johnson
42856,Madison Johnson
42876,Marc Johnson
42966,Ricardo Johnson
42988,Gloria Johnson
43009,Vanessa Johnson
43013,Ethan Johnson
43095,Hector Johnson
43143,Andrea Johnson
43401,Heather Johnson
43439,Dylan Johnson
43561,Charles Johnson
43566,Charles Johnson
43594,Cynthia Johnson
43613,Melissa Johnson
43640,Jessica Johnson
43645,Cheryl Johnson
43825,Mr. Joshua Johnson
43891,Brenda Johnson
44007,Joseph Johnson
44015,Amber Johnson
44035,Bradley Johnson
44060,Dylan Johnson
44070,Ashley Johnson
44364,Renee Johnson
44398,Deborah Johnson
44440,Becky Johnson
44472,Joseph Johnson
44520,Ryan Johnson
44543,Nicholas Johnson
44672,William Johnson
44702,Deborah Johnson
44719,Melissa Johnson
44756,Marie Johnson
44767,Thomas Johnson
44784,Roger Johnson
44802,Troy Johnson
44840,Christopher Johnson
44889,Guy Johnson
44996,Aaron Johnson
45042,Christine Johnson
45044,Lori Johnson
45124,Joshua Johnson
45236,Juan Johnson Jr.
45285,Brittany Johnson
45448,Steven Johnson
45554,Michael Johnson
45596,Gina Johnson
45635,Alyssa Johnson
45691,Beverly Johnson
45698,Robert Johnson
45709,Michelle Johnson
45748,Charles Johnson
45779,Theresa Johnson
45845,Chelsea Johnson
46081,Deborah Johnson
46151,Emma Johnson
46160,Ashley Johnson
46172,Walter Johnson
46334,Andre Johnson
46370,Mr. Peter Johnson
46420,Natalie Johnson
46523,Lauren Johnson
46542,Lauren Johnson
46552,Lisa Johnson
46553,Michael Johnson
46565,Troy Johnson
46575,Anthony Johnson
46595,Erik Johnson
46671,Wayne Johnson
46816,Lisa Johnson
46908,Michael Johnson
46912,Kimberly Johnson
46913,Christopher Johnson PhD
46923,Nicole Johnson
46935,Amber Johnson
46957,Morgan Johnson
47009,Scott Johnson
47202,Renee Johnson
47209,Rebecca Johnson
47305,Jeffrey Johnson
47362,Kevin Johnson
47409,Jill Johnson
47492,Mary Johnson
47516,Rhonda Johnson
47691,Elizabeth Johnson
47793,Adrienne Johnson
47840,Heidi Johnson
47887,Douglas Johnson
47900,Dr. Jonathan Johnson
47926,Daniel Johnson
48003,Steven Johnson
48084,Lori Johnson
48135,Marilyn Johnson
48211,Marcus Johnson
48232,Amanda Johnson
48269,Michelle Johnson
48369,Olivia Johnson
48376,Laura Johnson
48395,Mr. Robert Johnson Jr.
48483,Erika Johnson
48493,Debra Johnson MD
48532,Christopher Johnson
48533,Richard Johnson
48606,Joseph Johnson
48642,Melissa Johnson
48704,Chase Johnson
48842,Bradley Johnson
48847,Christine Johnson
48880,Deborah Johnson
48904,Sarah Johnson
48986,Darrell Johnson
49023,Barry Johnson
49064,Roberto Johnson
49104,Jane Johnson
49149,Christy Johnson
49172,Elizabeth Johnson
49180,Leslie Johnson
49314,David Johnson
49335,Troy Johnson
49373,William Johnson
49468,Cynthia Johnson
49520,Robin Johnson
49574,Nathan Johnson
49605,Zachary Johnson
49618,Joshua Johnson
49619,Christopher Johnson
49621,Kayla Johnson
49644,Deborah Johnson
49648,Ashley Johnson
49719,Mr. Terry Johnson MD
49769,Jacob Johnson
49831,Mark Johnson
49844,Kim Johnson
50245,Raven Johnson
50254,Derrick Johnson
50255,Thomas Johnson
50394,Whitney Johnson
50455,Casey Johnson
50566,Stephen Johnson
50670,Jane Johnson
50752,Christopher Johnson
50755,Donald Johnson
50788,Brittney Johnson
50920,Christian Johnson
50925,William Johnson
51091,Ryan Johnson
51151,Caitlyn Johnson
51187,Joanne Johnson
51262,Brian Johnson
51265,Nicholas Johnson
51401,Nicole Johnson
51535,Gerald Johnson
51561,Dawn Johnson
51857,Desiree Johnson
51868,Mary Johnson
51908,Mary Johnson
51923,Kevin Johnson
52067,Heidi Johnson
52152,Derek Johnson
52280,Martha Johnson
52386,Ernest Johnson
52560,Mark Johnson
52601,Barbara Johnson
52648,Jordan Johnson
52834,Debra Johnson
52855,James Johnson
52883,Bryan Johnson
52913,Micheal Johnson
52915,Joe Johnson
53181,Melissa Johnson
53216,Shannon Johnson
53226,Morgan Johnson
53361,Valerie Johnson
53382,Kimberly Johnson
53437,Nancy Johnson
53449,Melissa Johnson
53522,Justin Johnson
53676,Gerald Johnson
53848,Debra Johnson
53878,Bruce Johnson
53895,Jeffrey Johnson
53921,Sean Johnson
53975,Jason Johnson
54000,Stephanie Johnson
54087,Brandy Johnson
54220,Kimberly Johnson
54291,Thomas Johnson
54375,Nicholas Johnson
54421,Robert Johnson
54424,Gary Johnson
54427,Michelle Johnson
54453,Brittany Johnson
54541,Edward Johnson
54725,Whitney Johnson
54744,Jessica Johnson
54783,Jonathan Johnson
54845,Douglas Johnson
54871,Mallory Johnson
55071,Harold Johnson
55133,Alexandra Johnson
55286,Benjamin Johnson
55378,Jill Johnson
55395,Virginia Johnson
55446,Peter Johnson
55471,Crystal Johnson
55476,Francisco Johnson
55560,Daniel Johnson
55658,Amy Johnson
55750,Brenda Johnson
55914,Christopher Johnson
55919,Matthew Johnson
55984,Janice Johnson
56023,David Johnson
56148,Sherry Johnson
56493,Linda Johnson
56547,Zachary Johnson
56581,Brandi Johnson
56657,Sheila Johnson
56762,Mary Johnson
56810,Angela Johnson
56820,Louis Johnson
56882,Benjamin Johnson
56885,Mrs. Kelly Johnson DDS
56930,Jennifer Johnson
57086,Todd Johnson
57104,Kelsey Johnson
57178,Paul Johnson
57251,Samantha Johnson
57285,Christopher Johnson
57345,Jon Johnson
57346,Ronald Johnson
57412,Kimberly Johnson
57491,Emily Johnson
57655,Mary Johnson
57710,Timothy Johnson
57791,Mrs. Catherine Johnson
57907,Jennifer Johnson
57914,Jacqueline Johnson
57924,Joshua Johnson
57926,April Johnson
57948,Sandra Johnson
57983,Jonathan Johnson
58016,Aaron Johnson PhD
58073,Matthew Johnson
58181,Jon Johnson
58194,Peter Johnson
58220,Tara Johnson
58252,Elizabeth Johnson
58377,Rose Johnson
58429,Pedro Johnson
58494,Peter Johnson
58629,Robert Johnson
58641,Jeffrey Johnson
58660,Chris Johnson
58670,Brent Johnson
58858,Tyler Johnson
58910,Amanda Johnson
59000,Sarah Johnson
59018,Tyler Johnson
59134,Stacey Johnson
59274,Bruce Johnson
59377,William Johnson
59438,Evan Johnson
59484,Joseph Johnson
59521,Monica Johnson
59592,Matthew Johnson
59594,Jill Johnson
59607,Isaiah Johnson
59633,Lacey Johnson
59655,Michael Johnson
59747,Wendy Johnson
59820,Kevin Johnson
59917,Hannah Johnson
59929,Olivia Johnson
59998,William Johnson
60015,Eric Johnson
60067,Lori Johnson
60164,David Johnson
60261,Bonnie Johnson
60295,Allison Johnson
60427,Henry Johnson
60496,Jennifer Johnson
60511,Brittney Johnson
60572,Karen Johnson
60623,Sonya Johnson
60758,Benjamin Johnson
60838,Darren Johnson
60860,Jon Johnson
60965,Carlos Johnson
60978,Chad Johnson
61045,Diana Johnson
61135,Gina Johnson
61189,Maria Johnson
61287,Jason Johnson
61367,Ronnie Johnson
61410,Charles Johnson
61576,Deborah Johnson
61639,James Johnson
61713,Jacqueline Johnson
61785,James Johnson
61843,Patrick Johnson
61942,Sarah Johnson
61947,Derek Johnson
61954,Jason Johnson
62038,Alicia Johnson
62077,Anthony Johnson
62113,Shari Johnson
62128,Isabella Johnson
62136,Tommy Johnson
62148,Lori Johnson
62199,Janet Johnson
62306,Justin Johnson
62326,Christian Johnson
62357,Patricia Johnson
62460,Marie Johnson
62505,Michael Johnson
62587,Andrea Johnson
62626,Robert Johnson
62687,Sharon Johnson
62714,Michael Johnson
62738,Jerry Johnson
62761,Molly Johnson
62828,John Johnson
62848,Christopher Johnson
62851,Anthony Johnson
62897,Henry Johnson
62908,Kevin Johnson
62957,Deborah Johnson
62971,Jonathan Johnson
62972,John Johnson
62986,Stanley Johnson
63011,Jennifer Johnson
63018,Shane Johnson
63137,Jennifer Johnson
63161,Samuel Johnson
63269,Jacob Johnson
63432,Michael Johnson
63470,Stephanie Johnson
63475,Kurt Johnson
63498,Tracy Johnson
63547,Alexandra Johnson
63584,Kimberly Johnson
63691,Amber Johnson
63776,Holly Johnson
63792,Molly Johnson
63795,Christopher Johnson
63813,Michael Johnson
63816,Daniel Johnson
63891,Katherine Johnson
63990,Leonard Johnson
64044,Connie Johnson
64188,Michele Johnson
64246,Sandra Johnson
64331,Danielle Johnson
64460,Debra Johnson
64499,Kevin Johnson
64548,Katelyn Johnson
64555,Jamie Johnson
64662,Carolyn Johnson
64736,Brian Johnson
64891,Daniel Johnson
64901,Rebekah Johnson
64932,Jenna Johnson
64996,Sally Johnson
65112,Anthony Johnson
65143,William Johnson
65158,Michele Johnson
65219,April Johnson
65273,Donna Johnson
65291,Stephanie Johnson
65530,Douglas Johnson
65548,Angela Johnson
65620,George Johnson
65791,Kara Johnson
65830,Jose Johnson
65840,Ronald Johnson
65895,Wanda Johnson
65947,Megan Johnson
65975,Casey Johnson
65999,Brian Johnson
66239,Edgar Johnson
66333,Ricky Johnson
66371,Kenneth Johnson
66390,Thomas Johnson
66438,Lindsay Johnson
66444,Adam Johnson
66523,Heather Johnson
66697,Pamela Johnson
66821,Eric Johnson
66834,Eric Johnson
66898,Lisa Johnson
66920,Steven Johnson
66948,Aaron Johnson
67048,Stephanie Johnson MD
67055,Joel Johnson
67074,Francisco Johnson
67078,Hannah Johnson
67094,Matthew Johnson
67240,Courtney Johnson
67270,Erik Johnson
67412,Danielle Johnson
67435,Kim Johnson
67491,Jennifer Johnson
67523,Kristen Johnson
67581,Cheryl Johnson
67583,Michael Johnson
67675,Debra Johnson
67729,Pamela Johnson DVM
67796,Devin Johnson
67801,Timothy Johnson
67879,Martin Johnson
67897,Wanda Johnson
67950,Charles Johnson
67955,James Johnson
67998,Pamela Johnson
68021,Rhonda Johnson
68028,Matthew Johnson
68037,Karen Johnson
68128,Linda Johnson
68218,Elizabeth Johnson
68239,Sarah Johnson
68290,Loretta Johnson
68365,Scott Johnson
68416,Kathy Johnson
68454,Jeffery Johnson MD
68487,Justin Johnson
68677,Brandon Johnson
68689,Jeremiah Johnson
68939,Barbara Johnson
69049,Jack Johnson
69062,Terry Johnson DDS
69108,Kiara Johnson
69120,Zachary Johnson
69299,Sara Johnson
69323,Beth Johnson
69344,Matthew Johnson
69362,Timothy Johnson
69391,Angela Johnson
69410,Danny Johnson
69411,Katie Johnson
69415,Melinda Johnson
69491,Christian Johnson
69495,John Johnson
69497,Randy Johnson
69549,Richard Johnson
69708,Shannon Johnson
69887,Bradley Johnson
69924,Ronald Johnson
69953,Micheal Johnson
70056,Chris Johnson
70078,David Johnson
70316,Mary Johnson
70409,Melissa Johnson
70486,Jordan Johnson
70521,Tyler Johnson
70674,Johnny Johnson Jr.
70804,David Johnson
70826,Sherri Johnson
70951,Tammy Johnson
70996,Melinda Johnson
71060,Dale Johnson
71064,Mary Johnson
71089,Kathryn Johnson
71100,Michael Johnson
71250,Thomas Johnson
71291,Alan Johnson
71346,Miss Melissa Johnson DVM
71360,Savannah Johnson
71400,Desiree Johnson
71404,Karen Johnson
71413,Eileen Johnson
71462,Anthony Johnson
71466,David Johnson
71566,Christopher Johnson
71656,Nancy Johnson
71737,Erin Johnson
71791,Renee Johnson
71794,Mark Johnson
71795,Marcus Johnson
71829,David Johnson
71842,Michael Johnson
71907,Brittany Johnson
71967,David Johnson
71974,Sarah Johnson
71975,Janet Johnson
72046,Vanessa Johnson
72130,Diane Johnson
72151,Jorge Johnson
72301,Christopher Johnson
72312,Ashley Johnson
72367,Kimberly Johnson
72485,Jodi Johnson
72681,Amy Johnson
72712,Eric Johnson
72962,Misty Johnson
73032,Lindsay Johnson
73040,Ronald Johnson
73044,Kelly Johnson
73112,Kenneth Johnson
73280,Cristian Johnson
73288,Beverly Johnson
73292,Justin Johnson
73297,Kevin Johnson
73402,Tiffany Johnson
73413,David Johnson
73442,Carol Johnson
73447,Richard Johnson
73560,Kimberly Johnson
73594,Stephen Johnson
73662,Cheyenne Johnson
73724,Tiffany Johnson
73991,Kathleen Johnson
74064,Taylor Johnson
74104,Alexis Johnson
74113,Ryan Johnson
74166,Victoria Johnson
74234,Steven Johnson
74275,Christopher Johnson
74373,Timothy Johnson
74586,Rebecca Johnson
74754,Isaac Johnson
74755,Daniel Johnson
74759,Kendra Johnson
74775,Michael Johnson
74787,Samantha Johnson
74827,Richard Johnson
74929,Timothy Johnson
75036,Jennifer Johnson
75052,Patricia Johnson
75063,Bryan Johnson
75119,Donald Johnson
75208,David Johnson
75220,Tyler Johnson
75247,Julie Johnson
75261,Ashley Johnson
75304,Chloe Johnson
75313,Cynthia Johnson
75389,Brian Johnson
75417,Christine Johnson
75430,Gregory Johnson
75476,Jennifer Johnson
75497,Angela Johnson
75536,Lisa Johnson
75631,Zachary Johnson
75663,Matthew Johnson
75668,Kristin Johnson
75692,Jade Johnson
75698,Jonathan Johnson
75750,Shannon Johnson
75758,Melody Johnson
75760,Bryan Johnson
76107,Brittany Johnson
76168,Mr. James Johnson
76202,Daniel Johnson
76303,Mary Johnson
76523,Lisa Johnson
76540,Hannah Johnson
76575,Jenny Johnson
76707,Courtney Johnson
76804,Pamela Johnson
76858,Natalie Johnson
76938,Daniel Johnson
77048,Angela Johnson
77177,Ethan Johnson
77264,Juan Johnson
77349,David Johnson
77421,Aaron Johnson
77445,Kenneth Johnson
77536,Julie Johnson
77616,Dana Johnson
77671,Jay Johnson
77793,Dennis Johnson
77857,Michael Johnson
77897,Jeffrey Johnson DVM
78011,James Johnson
78061,Ashley Johnson
78074,Ross Johnson
78292,Laura Johnson
78308,Todd Johnson
78351,Sarah Johnson
78392,Ryan Johnson
78407,Travis Johnson
78409,Yolanda Johnson
78423,Allen Johnson
78457,Vanessa Johnson
78468,Kari Johnson
78509,Ashley Johnson
78711,David Johnson
78753,Heather Johnson
78819,Marcus Johnson
78827,Tara Johnson
78948,Carol Johnson
78977,Jackie Johnson
78980,Tamara Johnson
79123,William Johnson
79125,Amber Johnson
79170,Susan Johnson
79178,Zachary Johnson
79189,Wanda Johnson
79236,Michelle Johnson
79282,Jesse Johnson
79353,John Johnson
79368,Anne Johnson
79376,Jacob Johnson
79497,Bernard Johnson
79596,Alexandra Johnson
79598,Dawn Johnson
79681,Jessica Johnson
79838,Andrew Johnson
79845,Renee Johnson
79852,Steven Johnson
79889,Alex Johnson
79909,Kaitlyn Johnson
79914,Maria Johnson
79917,John Johnson
80017,Matthew Johnson
80027,Brett Johnson
80042,Joseph Johnson
80080,Mark Johnson
80240,Christopher Johnson
80328,Karen Johnson
80334,Nicholas Johnson
80390,Amy Johnson
80502,Joanne Johnson
80562,Elizabeth Johnson
80573,Mrs. Tracy Johnson
80695,Alexandra Johnson
80711,Elizabeth Johnson
80781,Jonathan Johnson
80838,Zachary Johnson
80852,Christopher Johnson
80996,Christopher Johnson
81017,Jill Johnson
81043,Jessica Johnson
81047,Jordan Johnson
81086,Katherine Johnson
81131,Kathryn Johnson
81157,Mr. Jeremiah Johnson
81164,Alex Johnson
81187,Jennifer Johnson
81217,Andrea Johnson
81227,Darrell Johnson
81270,Michael Johnson
81333,Lindsey Johnson
81354,Michael Johnson
81420,William Johnson
81443,Brett Johnson
81445,Juan Johnson
81459,Jessica Johnson
81528,Christopher Johnson
81543,Jose Johnson
81595,Stephanie Johnson
81727,Michele Johnson
81779,Veronica Johnson
81782,Justin Johnson
81848,Ellen Johnson
82149,Stephen Johnson
82187,Robert Johnson
82190,Devin Johnson
82216,Dennis Johnson
82322,Stephanie Johnson
82378,Michael Johnson
82427,Mark Johnson
82440,Dean Johnson
82485,Joseph Johnson
82529,Monica Johnson
82541,Margaret Johnson
82604,Heather Johnson
82624,Becky Johnson
82629,Vickie Johnson
82638,Russell Johnson
82655,Mrs. Karen Johnson DDS
82659,Paul Johnson
82706,Brittany Johnson
82834,Sean Johnson
82870,Kevin Johnson
82980,Eric Johnson
83012,Jamie Johnson
83027,James Johnson
83328,Edward Johnson
83408,Matthew Johnson
83497,Connor Johnson
83499,Jeffrey Johnson
83523,Harry Johnson
83761,Michael Johnson
83809,Stephanie Johnson
83844,Joseph Johnson
83852,Ronald Johnson
84010,Veronica Johnson
84113,Jackie Johnson
84211,Kaitlin Johnson
84225,Scott Johnson
84296,Rebecca Johnson
84327,Katelyn Johnson
84449,Dana Johnson
84487,John Johnson
84531,Antonio Johnson
84697,Mark Johnson
84704,Albert Johnson
84734,Gail Johnson
84760,Michelle Johnson
84780,Ms. Lindsey Johnson
84784,Jose Johnson
84851,Kathryn Johnson
84859,Robert Johnson
84902,Samantha Johnson
84912,Amber Johnson
85042,Albert Johnson
85074,Madison Johnson
85078,Norman Johnson
85220,Lindsey Johnson
85323,Brian Johnson
85553,Timothy Johnson
85568,Christine Johnson
85665,Angela Johnson
85701,Kathryn Johnson
85702,Robert Johnson
85736,Beth Johnson
85820,Victor Johnson
85885,John Johnson
85954,Wanda Johnson
85980,Richard Johnson
85983,Alexander Johnson
86081,Joshua Johnson
86135,Kimberly Johnson
86181,John Johnson
86200,Jacqueline Johnson
86230,Aaron Johnson
86271,Emily Johnson
86274,Janet Johnson
86278,Frederick Johnson
86305,Gregory Johnson
86311,Jill Johnson
86357,Madeline Johnson
86391,Johnny Johnson
86495,Keith Johnson
86510,Rose Johnson
86618,Rebecca Johnson
86654,Brandon Johnson
86673,Barbara Johnson
86876,Kimberly Johnson DDS
86887,Mrs. Jennifer Johnson
86897,Joseph Johnson
87046,Terri Johnson
87069,Lance Johnson
87075,Katherine Johnson
87161,Alec Johnson
87169,Suzanne Johnson
87294,Nicole Johnson
87353,Mikayla Johnson
87383,Michael Johnson
87400,Peter Johnson
87496,Derrick Johnson
87510,Kristie Johnson
87541,Scott Johnson
87646,Teresa Johnson
87741,Robert Johnson
87846,Gary Johnson
87892,Brian Johnson
87988,Brian Johnson
88005,Michael Johnson
88007,Wyatt Johnson
88170,Martin Johnson
88183,Marie Johnson
88249,Kelly Johnson
88323,Robert Johnson
88386,Cameron Johnson
88406,Michelle Johnson
88442,Molly Johnson
88467,Ellen Johnson
88508,Michelle Johnson
88525,Alexander Johnson
88526,Bob Johnson
88607,Micheal Johnson
88742,Kristen Johnson
88773,Miranda Johnson
88816,Selena Johnson
88817,Thomas Johnson
88847,Jessica Johnson
88850,Bianca Johnson
88975,Lori Johnson
88977,Kimberly Johnson
88997,Jennifer Johnson
89129,Krystal Johnson
89518,Michael Johnson
89574,Erin Johnson
89614,Amanda Johnson
89627,Angela Johnson
89682,Mark Johnson
89739,Paul Johnson
89856,Dennis Johnson
89929,Mary Johnson
89954,Valerie Johnson
89979,Desiree Johnson
90003,Donna Johnson
90010,Sergio Johnson
90032,Haley Johnson
90042,Laura Johnson
90080,Casey Johnson
90098,Lindsay Johnson
90102,Brian Johnson
90166,Francisco Johnson
90205,Stephen Johnson
90261,Timothy Johnson
90302,Amanda Johnson
90303,Michele Johnson
90439,Lauren Johnson
90517,Randy Johnson
90593,Christine Johnson
90728,Julie Johnson
90796,Kenneth Johnson
90853,Christopher Johnson
90963,Dylan Johnson
90971,Dawn Johnson
90990,Grant Johnson
91079,Terri Johnson
91088,Oscar Johnson
91123,Nathan Johnson
91372,Stephen Johnson
91466,Oscar Johnson
91632,Jeremy Johnson
91702,Robin Johnson
91727,Joseph Johnson
91748,Jordan Johnson
91761,Amber Johnson
91775,Sergio Johnson
91939,Valerie Johnson
92025,Megan Johnson
92111,Susan Johnson
92116,Daniel Johnson
92139,Jesse Johnson
92153,Trevor Johnson
92164,Dean Johnson
92178,Julian Johnson
92180,Michael Johnson
92458,Isaiah Johnson
92515,Michael Johnson
92519,Bianca Johnson
92562,Sherry Johnson
92603,Ashley Johnson
92608,Jeremiah Johnson
92639,Jennifer Johnson
92754,Anthony Johnson
92844,Jose Johnson
92886,Jorge Johnson
92914,Hannah Johnson
92941,Edward Johnson
93035,Kendra Johnson DVM
93036,Stacy Johnson
93192,Matthew Johnson
93207,Paul Johnson
93208,Dana Johnson
93295,Shawn Johnson
93337,Erin Johnson
93367,Kevin Johnson
93414,Kenneth Johnson
93491,Nicholas Johnson
93515,Mr. Mark Johnson
93545,Haley Johnson
93691,Gary Johnson
93755,Emily Johnson
93770,Stephanie Johnson
93855,Karen Johnson
93881,Stephen Johnson
93960,Christine Johnson
93974,Christopher Johnson
94059,Willie Johnson
94132,Timothy Johnson
94189,Andrea Johnson
94223,Monica Johnson
94316,Kevin Johnson
94427,Matthew Johnson
94442,Alicia Johnson
94464,Kevin Johnson
94475,Arthur Johnson
94606,Michael Johnson
94611,Mary Johnson
94642,Mr. Joseph Johnson
94660,Fred Johnson
94668,Lisa Johnson
94726,Tina Johnson
94778,Tyler Johnson
94815,David Johnson
94849,Becky Johnson
94903,Mackenzie Johnson
95154,Chad Johnson
95156,Anthony Johnson
95227,Jessica Johnson
95276,Cynthia Johnson
95312,Lindsey Johnson
95336,James Johnson
95348,Nichole Johnson
95366,Thomas Johnson
95443,Jeffrey Johnson
95492,Kevin Johnson
95561,Rachel Johnson
95608,Michael Johnson
95648,Paul Johnson
95657,Jacob Johnson
95691,Shane Johnson
95702,Jessica Johnson
95798,Hunter Johnson
95912,Desiree Johnson
95953,Garrett Johnson
96055,Kimberly Johnson
96064,Sarah Johnson
96096,Samantha Johnson
96153,Roy Johnson
96166,Alexander Johnson
96203,Rebecca Johnson
96269,Julie Johnson
96280,Sarah Johnson
96355,Philip Johnson
96377,Laura Johnson
96565,John Johnson
96616,Christopher Johnson
96649,Leah Johnson
96672,David Johnson
96690,George Johnson
97013,Nicholas Johnson
97024,Michelle Johnson
97048,Kaitlyn Johnson
97122,Alexis Johnson
97174,Abigail Johnson
97199,Bobby Johnson
97217,Michael Johnson
97234,Brian Johnson
97279,Charles Johnson
97311,Cody Johnson
97333,William Johnson
97497,Alyssa Johnson
97534,Kevin Johnson
97554,Alyssa Johnson
97615,Sherri Johnson
97767,Melinda Johnson
97769,Justin Johnson
97892,Sandra Johnson
98047,Lori Johnson
98097,Adrian Johnson
98193,Eric Johnson
98233,Jessica Johnson
98347,Ashley Johnson
98354,Derek Johnson
98355,Rachel Johnson
98377,Nicholas Johnson
98412,Zachary Johnson
98468,Ariana Johnson
98524,Kristen Johnson
98590,Charles Johnson
98850,Matthew Johnson
98851,Gail Johnson
98896,Michael Johnson
98933,Joshua Johnson
99013,Janet Johnson
99113,Beverly Johnson
99165,April Johnson
99192,Brian Johnson
99293,Jennifer Johnson
99336,Allison Johnson
99427,Keith Johnson
99712,Joseph Johnson
99769,Kimberly Johnson
99776,Rebecca Johnson
99787,Vincent Johnson
99791,Cindy Johnson
99850,Alexander Johnson
99939,James Johnson
99984,Ian Johnson
100045,Clayton Johnson
100130,Michael Johnson
100256,Kenneth Johnson
100263,Craig Johnson
100284,Jeremy Johnson
100391,Kylie Johnson
100399,Joseph Johnson
100536,Matthew Johnson
100711,Christine Johnson
100718,Sandy Johnson
100765,Brad Johnson
100825,Teresa Johnson
100829,Jonathon Johnson
100952,Michael Johnson
101084,Clinton Johnson
101148,Jennifer Johnson
101237,James Johnson
101375,Chelsey Johnson
101393,David Johnson
101422,Kelly Johnson
101462,Ashley Johnson
101469,Sally Johnson
101503,Stephen Johnson
101557,Lisa Johnson
101677,Peter Johnson
101733,Mary Johnson
101775,Julia Johnson
101784,Timothy Johnson
101787,Angel Johnson
101792,Margaret Johnson
101822,Joseph Johnson
101998,Thomas Johnson
102017,Gary Johnson
102073,Emily Johnson
102268,Tyler Johnson
102391,Gregory Johnson
102471,Laura Johnson
102487,Phillip Johnson
102510,Jamie Johnson
102541,Kerry Johnson
102640,Edwin Johnson
102701,Debra Johnson
102791,Bryce Johnson
102797,Debra Johnson
102844,Sharon Johnson
102995,Matthew Johnson
103264,Katherine Johnson
103265,Felicia Johnson
103300,Travis Johnson
103371,Julie Johnson
103425,Joe Johnson
103583,Derek Johnson
103635,Jason Johnson
103739,Michael Johnson MD
103743,Tanya Johnson
103816,Jeffery Johnson
104010,Jose Johnson
104011,Dawn Johnson
104196,Andrew Johnson
104360,Jeffrey Johnson
104392,Monica Johnson
104600,Kyle Johnson
104711,Harold Johnson
104856,Ruth Johnson
104917,Brandy Johnson
104923,Brandon Johnson
104983,Jennifer Johnson
105007,Charles Johnson
105138,Kyle Johnson
105212,Daniel Johnson
105245,Matthew Johnson
105567,Kevin Johnson
105671,John Johnson
105710,John Johnson
105767,Michael Johnson
105769,Eddie Johnson
105841,Jasmine Johnson
105856,Tonya Johnson
105884,Shannon Johnson
105898,Tonya Johnson
105917,Corey Johnson
105996,Sabrina Johnson
106002,Andrew Johnson
106019,Kristen Johnson
106066,Stephen Johnson
106078,Kenneth Johnson
106079,Kimberly Johnson
106140,Margaret Johnson
106204,Jerry Johnson
106241,Kathleen Johnson DDS
106266,Tyler Johnson
106277,Daniel Johnson
106282,Alexander Johnson
106303,Jessica Johnson
106335,Brett Johnson
106340,Steven Johnson
106426,Sarah Johnson
106510,Timothy Johnson
106517,Dominique Johnson
106585,Stephen Johnson MD
106667,Jeffrey Johnson
106731,Kevin Johnson
106769,Tabitha Johnson
106832,Jason Johnson
106848,Evelyn Johnson
106947,Brittany Johnson
106954,Christine Johnson
107052,Michael Johnson
107066,Joe Johnson
107081,Hailey Johnson
107084,Alan Johnson
107185,Jessica Johnson
107210,Jason Johnson
107221,Dr. Brian Johnson
107346,Tanya Johnson
107365,Julia Johnson
107383,Sylvia Johnson
107417,Jane Johnson
107494,David Johnson
107497,Isabella Johnson
107565,Timothy Johnson
107637,Lauren Johnson
107688,Melissa Johnson
107729,Todd Johnson DDS
107776,Thomas Johnson
107811,Amanda Johnson
107848,Thomas Johnson
107950,Nathaniel Johnson
107980,Roger Johnson
108021,Troy Johnson
108047,Chad Johnson
108060,Mark Johnson
108189,Kenneth Johnson
108447,John Johnson
108473,Misty Johnson
108490,Steven Johnson
108537,Anthony Johnson
108577,Alexander Johnson
108660,Richard Johnson
108666,Anna Johnson
108682,Justin Johnson
108696,Karen Johnson
108720,Erik Johnson
108776,Ryan Johnson
108835,Lisa Johnson
108873,Ronnie Johnson
108929,Isaiah Johnson
108944,Jamie Johnson
108951,Angela Johnson
108955,Cody Johnson
109019,Barry Johnson
109036,Connie Johnson
109062,Bryan Johnson
109068,Henry Johnson
109186,Kenneth Johnson
109265,Stephen Johnson
109269,Brittney Johnson
109390,Alexander Johnson
109488,Connie Johnson
109492,Heather Johnson
109524,Erica Johnson
109555,Meghan Johnson
109628,Brett Johnson
109678,Sarah Johnson
109708,Brian Johnson
109769,Brittany Johnson
109780,Caroline Johnson
109838,Rachael Johnson
109859,Omar Johnson
109919,Devin Johnson DDS
109938,William Johnson
109949,Samuel Johnson
110040,Ann Johnson
110115,Brian Johnson
110126,Matthew Johnson
110265,Mrs. Jillian Johnson MD
110317,Amy Johnson
110490,Lauren Johnson
110504,Sarah Johnson
110569,Katie Johnson
110721,Zachary Johnson
110774,Troy Johnson
110809,Maria Johnson
110912,Sierra Johnson
110923,Jessica Johnson
111103,Corey Johnson
111104,Erica Johnson
111148,Christina Johnson
111312,Noah Johnson
111416,Daniel Johnson
111478,Zachary Johnson
111483,John Johnson
111520,Carol Johnson
111579,Michael Johnson
111580,Olivia Johnson
111644,Dustin Johnson
111714,Robert Johnson
111767,Angela Johnson
111923,Derrick Johnson
111948,Ricardo Johnson
111954,Cynthia Johnson
111985,Danielle Johnson
112003,Kevin Johnson
112024,Steven Johnson
112080,Brian Johnson
112129,Thomas Johnson
112373,Katherine Johnson
112507,Bradley Johnson
112565,Jason Johnson
112575,Michael Johnson
112607,Sherry Johnson
112738,Jordan Johnson
112767,Stephanie Johnson
112825,Laura Johnson
112962,Allison Johnson
112992,Christopher Johnson
113032,Matthew Johnson
113084,Erin Johnson
113145,Morgan Johnson
113163,Lisa Johnson
113268,Anna Johnson
113377,Victor Johnson
113407,James Johnson
113416,Eduardo Johnson
113435,Jessica Johnson
113616,Lisa Johnson
113639,Adam Johnson
113997,Jodi Johnson
114006,Lisa Johnson
114081,Russell Johnson
114128,Anna Johnson
114180,Elaine Johnson
114239,Daniel Johnson
114300,Miranda Johnson
114312,Kenneth Johnson
114419,Joseph Johnson
114527,April Johnson
114672,Hunter Johnson
114740,Andrew Johnson
114798,Laura Johnson
114804,Frank Johnson
114883,Stephen Johnson
115135,Jacob Johnson
115212,Meredith Johnson
115246,Kathleen Johnson
115317,Jennifer Johnson
115323,Sarah Johnson
115378,Brandon Johnson
115475,Jennifer Johnson
115493,Joseph Johnson
115544,Darryl Johnson
116084,Wesley Johnson
116252,Megan Johnson
116268,Alexander Johnson
116306,William Johnson
116339,Michael Johnson
116364,Justin Johnson
116435,Mrs. Abigail Johnson
116540,Robert Johnson
116654,Ryan Johnson
116687,Kathleen Johnson
116733,Robert Johnson
116758,Dana Johnson
116796,Jennifer Johnson
116855,Amanda Johnson
116865,Monique Johnson
116891,William Johnson
116996,Thomas Johnson
117114,Audrey Johnson
117123,Peter Johnson
117241,Stacey Johnson
117251,Yesenia Johnson
117434,Paul Johnson
117470,Kelsey Johnson
117504,Lauren Johnson
117572,Lisa Johnson
117733,Mary Johnson
117759,William Johnson
117822,Samantha Johnson
117853,Ana Johnson
117871,Tina Johnson
117885,Heather Johnson DDS
118053,Katrina Johnson
118122,Adrienne Johnson
118148,Tyler Johnson
118285,Alexis Johnson
118294,Victoria Johnson
118331,Jacob Johnson
118396,Ronnie Johnson
118541,Andrea Johnson
118613,Richard Johnson
118668,Carla Johnson
118730,Jackie Johnson
118897,Amber Johnson
119178,Elizabeth Johnson
119298,Maria Johnson
119304,Richard Johnson
119337,Megan Johnson
119366,Christine Johnson
119386,Claudia Johnson
